title,price,sold_date,graded,grader,grade,auction,best_offer,shipping,seller,condition,item_url
Shop on eBay,$20.00,,N,,,N,Y,,,Brand New,https://ebay.com/itm/123456
"MLB 1991 Stadium Club Charter Member NOLAN RYAN #NNO ""300th Career Win"" Rangers",$1.99,"Sold Jan 29, 2026",N,,,N,N,$0.00,mancave1995,New,https://www.ebay.com/itm/275156938337
Nolan Ryan-1991 Topps Stadium Club Charter Member 300th Career Win Texas Rangers,$2.95,"Sold Jan 21, 2026",N,,,N,N,$0.00,danpe2305,New,https://www.ebay.com/itm/287088809181
1991 Stadium Club Charter Member Nolan Ryan (300th Career Win) HOF,$1.25,"Sold Feb 6, 2026",N,,,N,N,$1.32,the_jawn,New,https://www.ebay.com/itm/197735851807
1991 Stadium Club Charter Members 300th Win Nolan Ryan Rangers HOF PSA 9 MINT,$35.00,"Sold Feb 11, 2026",Y,PSA,9,N,N,$4.95,brfreddy76,New,https://www.ebay.com/itm/267258286286
B40a Nolan Ryan 300th Win 1991 Stadium club charter member,$2.00,"Sold Mar 13, 2026",N,,,N,N,$1.32,andstr705,New,https://www.ebay.com/itm/317722033275
1991 Topps Stadium Club Nolan Ryan Charter Member Bronze 300th Win Tribute,$10.00,"Sold Feb 16, 2026",N,,,N,N,$0.00,xiomi44,New,https://www.ebay.com/itm/389343698694
🔥⚾️1991 STADIUM CLUB CHARTER MEMBERS NOLAN RYAN HOF 300th WIN PSA 9🔥🏟,$43.70,"Sold Feb 11, 2026",Y,PSA,9,N,N,$5.45,brasoncz-0,New,https://www.ebay.com/itm/397043915785
1991 Stadium Club Charter Member Commemorative Nolan Ryan Medallion,$9.99,"Sold Feb 16, 2026",N,,,N,N,$0.00,cardclubhousellc,New,https://www.ebay.com/itm/236622022142
1991 Stadium Club - Charter Member - Nolan Ryan - “7th No Hitter” - NrMt,$2.07,"Sold Mar 13, 2026",N,,,N,N,$0.00,grover46,New,https://www.ebay.com/itm/267588629846
1991 TOPPS STADIUM CLUB CHARTER MEMBER SET WITH NOLAN RYAN MEDALLION (LOOK),$10.99,"Sold Mar 6, 2026",N,,,N,N,$2.99,sdpawnbristol,Brand New,https://www.ebay.com/itm/127532500939
1991 Topps Stadium Club Charter Member Box Set Nolan Ryan Medallion Members Only,$12.00,"Sold Mar 11, 2026",N,,,N,N,$6.09,man,New,https://www.ebay.com/itm/227163638275
1991 Topps Stadium Club Charter Member Nolan Ryan Ryan Extends Record W/7th N/H,$2.99,"Sold Feb 8, 2026",N,,,N,N,$0.00,chmass-60,New,https://www.ebay.com/itm/317853626309
1991 Stadium Club Charter Member Commemorative Bronze Medallion Nolan Ryan,$10.99,"Sold Feb 24, 2026",N,,,N,N,$1.99,mantlemania4ever,New,https://www.ebay.com/itm/177044125064
1991 Stadium Club Charter Members 300th Win Nolan Ryan Rangers HOF SGC 8.5,$24.95,"Sold Feb 7, 2026",Y,SGC,8.5,N,N,$5.20,hgkards,New,https://www.ebay.com/itm/147033073331
1991 Topps Stadium Club Charter Member Set Nolan Ryan Medallion Keychain 70 Card,$16.79,"Sold Mar 20, 2026",N,,,N,N,$0.00,swedemom,New,https://www.ebay.com/itm/277397407000
1991 Stadium Club Charter Member #NNO Nolan Ryan,$2.25,"Sold Jan 4, 2026",N,,,N,N,$0.00,gsquared_collectibles,New,https://www.ebay.com/itm/297389021960
Nolan Ryan 1991 Stadium Club Members Charter Card,$2.50,"Sold Mar 20, 2026",N,,,N,Y,$1.85,flawlessimagesports210,New,https://www.ebay.com/itm/364493082771
1991 Topps Stadium Club Bronze Nolan Ryan Charter Member Commemorative Medallion,$11.99,"Sold Mar 3, 2026",N,,,N,N,$0.00,selfon007,New,https://www.ebay.com/itm/127671999808
1991 Stadium Club Charter Member - Nolan Ryan No-Hitter,$1.99,"Sold Dec 25, 2025",N,,,N,N,$0.00,collectiblesfunzone,New,https://www.ebay.com/itm/277460710847
1991 Stadium Club Charter Member - Nolan Ryan No-Hitter,$1.99,"Sold Mar 25, 2026",N,,,N,N,$0.89,66trevor,New,https://www.ebay.com/itm/206162666558
1991 Topps Stadium Club Charter Member Nolan Ryan Texas Rangers,$1.05,"Sold Mar 17, 2026",N,,,N,N,$1.50,rueck_5451,New,https://www.ebay.com/itm/376671709199
1991 Stadium Club Charter Member Nolan Ryan #NNO,$1.89,"Sold Jan 6, 2026",N,,,N,N,$0.00,central.cali.collectibles,New,https://www.ebay.com/itm/256380411152
1991 TOPPS Stadium CLUB Charter Member Box Set with Nolan Ryan Medallion,$14.99,"Sold Feb 12, 2026",N,,,N,Y,$8.81,ssien78,New,https://www.ebay.com/itm/117026477410
1991 Stadium Club Charter Member - Bronze Ingot Nolan Ryan - In Box,$1.99,"Sold Mar 8, 2026",N,,,N,Y,$5.52,pech5548,New,https://www.ebay.com/itm/227220003821
1991 STADIUM CLUB CHARTER MEMBER #NNO NOLAN RYAN TEXAS RANGERS,$1.99,"Sold Jan 1, 2026",N,,,N,N,$0.00,topps55,New,https://www.ebay.com/itm/397453911399
Nolan Ryan 1991 Stadium Club Charter Member Commemorative Medallion Card,$3.00,"Sold Feb 22, 2026",N,,,N,Y,$5.75,collectibleswithphil,New,https://www.ebay.com/itm/286543916550
1991 Stadium Club Charter Member Nolan Ryan #NNO Texas Rangers,$3.00,"Sold Dec 27, 2025",N,,,N,N,$0.00,rivercitycards_us,New,https://www.ebay.com/itm/197976897186
Box 55: 1991 Stadium Club Charter Member UNCUT SIDE PROOF Nolan Ryan No Hitter,$14.00,"Sold Feb 3, 2026",N,,,N,N,$5.00,leximo2,New,https://www.ebay.com/itm/397368278529
1991 TOPPS STADIUM CLUB CHARTER MEMBERS 300TH WIN NOLAN RYAN PSA 8,$5.50,"Sold Feb 1, 2026",Y,PSA,8,Y,N,$5.99,psa,New,https://www.ebay.com/itm/116998137400
Nolan Ryan 1991 Stadium Club Members Charter Card,$2.99,"Sold Feb 13, 2026",N,,,N,N,$1.49,r_o_double_b,New,https://www.ebay.com/itm/236634693912
Box 11: 1991 St. Club Charter Member OVESIZE PROOF Nolan Ryan 300 Wins,$14.00,"Sold Jan 7, 2026",N,,,N,N,$3.00,leximo2,New,https://www.ebay.com/itm/357994955548
Nolan Ryan-1991 Topps Stadium Club Charter Member Texas Rangers,$1.95,"Sold Jan 21, 2026",N,,,N,N,$0.00,danpe2305,New,https://www.ebay.com/itm/287088809163
1991 Stadium Club Charter Members Commemorative Nolan Ryan Medallion With Box,$2.99,"Sold Feb 21, 2026",N,,,N,N,$5.44,billynormick,New,https://www.ebay.com/itm/127595497867
Nolan Ryan 1991 Topps Stadium Club Lot (4) – 2 Charter Member + 2 Members Only,$74.99,"Sold Feb 7, 2026",N,,,N,Y,$7.70,mickey11050,New,https://www.ebay.com/itm/157595859034
1991 Topps Stadium Club Charter Members Only Box Set with Nolan Ryan Medallion,$1.25,"Sold Jan 6, 2026",N,,,Y,N,$8.65,chongos-cardboardandcollectibles,Brand New,https://www.ebay.com/itm/177717132987
1991 Topps Stadium Club Nolan Ryan Charter Member Bronze Commemorative Medallion,$5.50,"Sold Feb 26, 2026",N,,,N,N,$5.45,yinzer68,New,https://www.ebay.com/itm/376919270145
Nolan Ryan 1991 Stadium Club Charter Members Only “7th No Hitter” Texas Rangers,$1.99,"Sold Feb 24, 2026",N,,,N,N,$0.00,cincysignatures,New,https://www.ebay.com/itm/116999505539
Nolan Ryan 1991 Topps Stadium Club Charter Member Commemorative Medallion Card,$6.99,"Sold Feb 14, 2026",N,,,N,Y,$5.95,bmcloseouts,New,https://www.ebay.com/itm/136646327813
1991 Topps Stadium Club Nolan Ryan Charter Member Bronze Commemorative Medallion,$4.99,"Sold Feb 27, 2026",N,,,N,N,$4.95,brunerfamilystore,New,https://www.ebay.com/itm/116836053452
1991 Stadium Club Charter Member Bronze Nolan Ryan,$3.26,"Sold Mar 19, 2026",N,,,Y,N,$5.00,tntnorthnj,New,https://www.ebay.com/itm/206132093520
1991 Stadium Club Charter Member #24 Nolan Ryan/A No-Hitter For/The Ages,$2.05,"Sold Feb 6, 2026",N,,,N,N,$0.00,bonds2001,New,https://www.ebay.com/itm/389168129015
1991 Stadium Club Charter Member #NNO Nolan Ryan MULTISPORT Texas Rangers,$3.00,"Sold Jan 6, 2026",N,,,N,N,$0.00,dellcards,New,https://www.ebay.com/itm/197694119486
1991 Topps Stadium Club Charter Member Nolan Ryan Baseball Card ⚾️,$3.50,"Sold Jan 30, 2026",N,,,N,Y,$0.97,johnam83,New,https://www.ebay.com/itm/177125542002
1991 Topps Stadium Club - Charter Member 50 Card Set - KEN GRIFFEY JR. - GRETZKY,$10.99,"Sold Mar 16, 2026",N,,,N,N,$4.95,nsdptch7,Brand New,https://www.ebay.com/itm/358198903359
VTG 1991 Stadium Club Nolan Ryan Charter Member Bronze Commemorative Medallion,$15.43,"Sold Feb 28, 2026",N,,,N,N,$5.99,burbankcardcollector,New,https://www.ebay.com/itm/236641043041
"NOLAN RYAN 1991 TOPPS STADIUM CLUB MEMBERS ONLY BRONZE MEDALLION ""300"" WINS",$3.99,"Sold Feb 6, 2026",N,,,N,N,$4.95,ronkar88,New,https://www.ebay.com/itm/187633791918
1991 Topps Stadium Club Nolan Ryan Gold Medallion Charter Member Texas Rangers,$1.95,"Sold Feb 4, 2026",N,,,N,Y,$4.95,ptitty77,New,https://www.ebay.com/itm/326947120106
Nolan Ryan Commemorative Bronze Medallion 1991 Topps Stadium Club Charter Member,$5.00,"Sold Mar 9, 2026",N,,,N,Y,$7.95,jpd0_17,New,https://www.ebay.com/itm/197985649288
1991 TOPPS STADIUM CLUB CHARTER MEMBER ONLY NOLAN RYAN BRONZE MEDALLION CARD,$20.00,"Sold Dec 31, 2025",N,,,N,N,$8.35,differentstrokes79,New,https://www.ebay.com/itm/157567946019
"Topps Stadium Club Charter Member 5 Boxes – Nolan Ryan, Baseball (1991)",$9.99,"Sold Feb 9, 2026",N,,,N,Y,$6.09,pa-196628,Brand New,https://www.ebay.com/itm/317856574954
NILAN RYAN 1991 TOPPS STADIUM CLUB CHARTER MEMBER NO NUMBER FREE SHIPPING,$1.30,"Sold Mar 11, 2026",N,,,N,Y,$0.00,walnutchair19,New,https://www.ebay.com/itm/127476902411
1991 TOPPS STADIUM CLUB CHARTER MEMBERS ONLY BOX SET WITH NOLAN RYAN MEDALLION,$24.00,"Sold Feb 5, 2026",N,,,N,Y,$6.08,marksdad,New,https://www.ebay.com/itm/205369058025
Nolan Ryan Base/Inserts - You Pick - $2.00 or 2 Card Minimum,$2.00,"Sold Mar 22, 2026",N,,,N,N,$0.00,disabled_vet,New,https://www.ebay.com/itm/116160962053
1991 Topps Stadium Club Bronze Nolan Ryan Charter Member Commemorative Medallion,$11.21,"Sold Jan 31, 2026",N,,,N,N,$0.00,jacomagi_0,New,https://www.ebay.com/itm/267107380097
TOPPS STADIUM CLUB BASEBALL 1991 CHARTER MEMBER ONLY COMPLETE SET - NOLAN RYAN,$17.95,"Sold Jan 24, 2026",N,,,N,Y,$6.43,michba-2651,New,https://www.ebay.com/itm/205797479234
1991 Stadium Club Nolan Ryan Charter Member No Hitter PSA 6,$1.25,"Sold Jan 25, 2026",Y,PSA,6,Y,N,$8.75,kb7586,New,https://www.ebay.com/itm/227179938761
1991 Stadium Club Charter Member Nolan Ryan (No-Hitter) HOF 5sb,$1.38,"Sold Feb 28, 2026",N,,,N,N,$4.99,comc_consignment,New,https://www.ebay.com/itm/257382960873
1991 Topps Stadium Clun Charter Members Only Nolan Ryan Bronze Medallion Set,$8.99,"Sold Jan 8, 2026",N,,,N,N,$11.14,abkandco,New,https://www.ebay.com/itm/357259839434
1991 Topps Stadium Club Nolan Ryan Charter Member Texas Rangers HOF (Medallion),$8.99,"Sold Mar 13, 2026",N,,,N,N,$4.00,pietilacards,New,https://www.ebay.com/itm/366176935363
1991 Topps Stadium Club Charter Member #553 Baseball Nolan Ryan Texas Rangers,$0.99,"Sold Feb 16, 2026",N,,,Y,N,$1.49,baseballcardcenter,New,https://www.ebay.com/itm/326994196019
